,Neighborhood,Neighborhood Latitude,Neighborhood Longitude,Venue,Venue Latitude,Venue Longitude,Venue Category
0,Aclens,46.5680294,6.51076,Auberge Communcale d'Aclens,46.56781304341187,6.509564413908759,Restaurant
1,Agiez,46.7199018,6.508106,Le Normand,46.719919,6.507214,Diner
2,Aigle,46.3179006,6.9688929,Restaurant Xiang Long,46.31730746190541,6.970088803084121,Chinese Restaurant
3,Aigle,46.3179006,6.9688929,Le Mondial,46.31767868279462,6.966800069608517,Falafel Restaurant
4,Aigle,46.3179006,6.9688929,Thai Basilic,46.318909320637076,6.968447659248217,Thai Restaurant
5,Aigle,46.3179006,6.9688929,Bar 118,46.31731512752565,6.9690483831102314,Diner
6,Aigle,46.3179006,6.9688929,Pizzeria des Alpes,46.319163,6.968413,Pizza Place
7,Aigle,46.3179006,6.9688929,Buffet de la Gare,46.3169,6.96443,Food
8,Aigle,46.3179006,6.9688929,caf√© pizzeria des petits trains,46.31670066162415,6.964220338066571,Caf√©
9,Allaman,46.4707776,6.396174,Restaurant du Chasseur,46.469627,6.396397,Argentinian Restaurant
10,Apples,46.5516727,6.4267658,Restaurant la Pomme d'Or,46.55221336231452,6.4289202887436,Restaurant
11,Apples,46.5516727,6.4267658,Auberge De La Couronne,46.551334,6.428351,Swiss Restaurant
12,Arzier-Le Muids,46.4599808,6.208069,Auberge de l'Union,46.45992995064908,6.2082624435424805,French Restaurant
13,Arzier-Le Muids,46.4599808,6.208069,Auberge Communale L'Union Arzier,46.45985604375634,6.208391189575195,Swiss Restaurant
14,Assens,46.6127871,6.6225936,Restaurant Major Davel,46.61380407626722,6.624131830151104,Diner
15,Aubonne,46.4952916,6.3915748,L'Esplanade,46.492633,6.395722,French Restaurant
16,Aubonne,46.4952916,6.3915748,H√¥tel Caf√© du Commerce,46.49486602279323,6.391736291630966,French Restaurant
17,Aubonne,46.4952916,6.3915748,Tartines et Chocolat,46.496012,6.39056,Bakery
18,Aubonne,46.4952916,6.3915748,Fleur De Pain,46.493892,6.39332,Bakery
19,Avenches,46.879575,7.040941,Restaurant Des Arcades,46.879516810315494,7.039693512027408,Swiss Restaurant
20,Avenches,46.879575,7.040941,Girasol,46.88025118766613,7.041024380144771,Deli / Bodega
21,Avenches,46.879575,7.040941,Pizzeria La Vendetta,46.88073,7.0419807,Pizza Place
22,Avenches,46.879575,7.040941,Entre Terre et Mer,46.88080077873218,7.041556516950262,Burrito Place
23,Ballens,46.5542745,6.3750843,Auberge Communale De Ballens,46.55462,6.3742642,Pizza Place
24,Baulmes,46.7903981,6.5212523,L'Auberge,46.78932122,6.52116732,Restaurant
25,Begnins,46.4424616,6.2471998,Caf√© Du Raisin,46.44105798997391,6.249657752120604,Diner
26,Begnins,46.4424616,6.2471998,Ecu Vaudois,46.44063659662596,6.247666566587601,Swiss Restaurant
27,Begnins,46.4424616,6.2471998,Margaux Restaurant,46.4406941768731,6.248224340201901,Restaurant
28,Belmont-sur-Lausanne,46.5200729,6.6800519,Auberge Communale,46.51996091299545,6.680256128311157,Diner
29,Belmont-sur-Lausanne,46.5200729,6.6800519,Restaurant Le Belmont,46.520217130498445,6.678104208593183,French Restaurant
30,Belmont-sur-Lausanne,46.5200729,6.6800519,La Principessa,46.52363298528699,6.678430632578748,Pizza Place
31,Bercher,46.6920285,6.7089748,Boulangerie Bal-Blanc,46.69177636736126,6.710111756029686,Bakery
32,Bercher,46.6920285,6.7089748,H√¥tel-Restaurant de la gare,46.6930046081543,6.704038143157959,Swiss Restaurant
33,Berolle,46.5583845,6.3373241,Auberge Communale de Berolle,46.558604,6.337356,French Restaurant
34,Bex,46.2513776,7.0123881,Grotto04,46.25013640910305,7.0140791646551435,Pizza Place
35,Bex,46.2513776,7.0123881,Tearoom Pain D'Avoine,46.25098707849007,7.014459372406624,Bakery
36,Bex,46.2513776,7.0123881,La Palette Des Sens,46.251281354418026,7.013547701552573,Restaurant
37,Bex,46.2513776,7.0123881,Le Caf√© Suisse,46.250186253555114,7.015796732191238,Swiss Restaurant
38,Bi√®re,46.5373773,6.3337235,Les Trois Sapins,46.537377,6.333373,Restaurant
39,Bi√®re,46.5373773,6.3337235,Cafe Du Commerce,46.53797098752419,6.333166,Caf√©
40,Bi√®re,46.5373773,6.3337235,Restaurant-Pizzeria Du Camp,46.534262,6.336518,Restaurant
41,Blonay,46.4650397,6.8951981,Al Pomodoro Rosso,46.46549845810422,6.895164028836947,Pizza Place
42,Blonay,46.4650397,6.8951981,Caf√©-Restaurant le Raisin,46.464793,6.89464,Diner
43,Blonay,46.4650397,6.8951981,Chez Yan,46.46833251019909,6.89367413520813,Bakery
44,Bogis-Bossey,46.3515732,6.1648147,Auberge Communale de Bogis-Bossey,46.35213515540893,6.168740660120855,French Restaurant
45,Bogis-Bossey,46.3515732,6.1648147,Marcel Gyr,46.352058,6.16873,Italian Restaurant
46,Borex,46.379071,6.1777222,La Ferme,46.378332,6.176326,Diner
47,Borex,46.379071,6.1777222,Auberge Du Vieux Bois,46.37732523905244,6.179544712986377,Food
48,Bottens,46.6169088,6.6607269,Ecusson Vaudois Bottens,46.617125165963024,6.660652062216255,Restaurant
49,Bottens,46.6169088,6.6607269,Li Garden,46.615969532619154,6.659625601606082,Chinese Restaurant
50,Bottens,46.6169088,6.6607269,Pizza Mania,46.61488026734807,6.6592422406834695,Food Truck
51,Bournens,46.6041672,6.5633012,Restaurant l'Union,46.604005,6.563491,Swiss Restaurant
52,Bournens,46.6041672,6.5633012,Sisaket,46.603341,6.563119,Thai Restaurant
53,Boussens,46.6023159,6.5846332,Le Boussinois,46.603309026317355,6.58313,Swiss Restaurant
54,Boussens,46.6023159,6.5846332,Le Chalet,46.604877374383726,6.582927456203272,Swiss Restaurant
55,Boussens,46.6023159,6.5846332,Restaurant Le Chalet,46.60586248532982,6.582612991333008,French Restaurant
56,Bretonni√®res,46.71377845,6.472213605959768,Auberge De Ecusson Vaudois,46.712001,6.474738,Swiss Restaurant
57,Buchillon,46.4702466,6.4230108,Caf√©-Restaurant au Vieux Navire,46.47096907292999,6.423610587180072,French Restaurant
58,Buchillon,46.4702466,6.4230108,McDonald's,46.47457857928389,6.424455176923822,Fast Food Restaurant
59,Buchillon,46.4702466,6.4230108,L‚ÄôAccent,46.470455,6.422413,French Restaurant
60,Buchillon,46.4702466,6.4230108,Naville,46.470064,6.4241357,Caf√©
61,Bursinel,46.438423,6.3053467,La Clef d'Or,46.4387396448216,6.305284751212318,French Restaurant
62,Bursinel,46.438423,6.3053467,Auberge Communale de Bursinel,46.43867953602788,6.305441801970933,Comfort Food Restaurant
63,Bursins,46.4515535,6.2906369,De l'Union,46.453666,6.29007,Swiss Restaurant
64,Bursins,46.4515535,6.2906369,Boulangerie Tea Room Fayet,46.451662,6.289861,Bakery
65,Bursins,46.4515535,6.2906369,Auberge du Soleil,46.451732828121216,6.290825716433888,Restaurant
66,Bussigny,46.5512503,6.553745,Fleur de Pains,46.548889592223134,6.553053608318228,Bakery
67,Bussigny,46.5512503,6.553745,Hotel de Ville,46.5503070949239,6.551978232278495,Food
68,Bussigny,46.5512503,6.553745,Restaurant Des Amis,46.552396,6.556057,Restaurant
69,Bussigny,46.5512503,6.553745,Pizzeria Dolce Vita,46.552387,6.556075,Pizza Place
70,Bussigny,46.5512503,6.553745,Auberge de L'Union,46.552441,6.556206,Restaurant
71,Bussigny,46.5512503,6.553745,Shanghai Garden,46.5479733,6.5528029,Chinese Restaurant
72,Bussy-Chardonney,46.5291113,6.4419818,La Ferme aux Saveurs d'Autrefois,46.52855447533856,6.444039656029903,Breakfast Spot
73,Bussy-Chardonney,46.5291113,6.4419818,L'Ecu F√©d√©ral,46.52891374284097,6.44197977071293,Swiss Restaurant
74,Chamblon,46.7772764,6.6044112,Tilleul,46.779209904089974,6.606406388274673,Swiss Restaurant
75,Champagne,46.8302611,6.6580976,caf√© du raisin,46.830468,6.658298,Diner
76,Champagne,46.8302611,6.6580976,Le 1424,46.827448,6.661101,Restaurant
77,Champvent,46.7828052,6.5726094,"Chez Ambre, Lady et GD",46.78358,6.570582,Bistro
78,Champvent,46.7828052,6.5726094,Boucherie Marendaz,46.782651,6.572682,BBQ Joint
79,Chardonne,46.4770903,6.8271259,Caf√© Au Bon Vin,46.47686,6.82967,Swiss Restaurant
80,Chardonne,46.4770903,6.8271259,L√†-Haut,46.476683,6.828509,Modern European Restaurant
81,Chardonne,46.4770903,6.8271259,Hinata Japanese Restaurant,46.481284,6.826812,Japanese Restaurant
82,Ch√¢teau-d'≈íx,46.4739581,7.13056,Le chalet,46.473525202350395,7.133382814751564,Swiss Restaurant
83,Ch√¢teau-d'≈íx,46.4739581,7.13056,"Early Beck, Chateau d'Oex",46.47405872128738,7.1313701890729355,Caf√©
84,Ch√¢teau-d'≈íx,46.4739581,7.13056,Buffet de la Gar,46.47472506404641,7.1323555171678334,Diner
85,Ch√¢teau-d'≈íx,46.4739581,7.13056,La Braye,46.474331816493084,7.134372012865362,Swiss Restaurant
86,Chavannes-de-Bogis,46.3446425,6.1625796,Grill Box (street gourmet) üçóüçü,46.34313853169046,6.161693193121109,Food Truck
87,Chavannes-de-Bogis,46.3446425,6.1625796,Auberge Le Relais,46.343519,6.161965,French Restaurant
88,Chavannes-de-Bogis,46.3446425,6.1625796,Nespresso Chavannes,46.344082576389056,6.164706070395238,Caf√©
89,Chavannes-des-Bois,46.3147141,6.132561,Relais des Chasseurs,46.31382089240927,6.131385641058662,Restaurant
90,Chavannes-le-Ch√™ne,46.7768814,6.7780279,Restaurant de l'H√¥tel de Ville,46.77679264,6.77810288,French Restaurant
91,Chavannes-pr√®s-Renens,46.5293467,6.572993454923568,Indian Zayeka,46.527030316207394,6.573948590564259,Indian Restaurant
92,Chavannes-pr√®s-Renens,46.5293467,6.572993454923568,Fleur de Pains,46.52874638677079,6.566542051396329,Bakery
93,Chavannes-pr√®s-Renens,46.5293467,6.572993454923568,Caf√© de Chavannes,46.52753137838731,6.5723808553877765,Gastropub
94,Chavannes-pr√®s-Renens,46.5293467,6.572993454923568,ChrisAli Table d'h√¥tes,46.5276997,6.575503799999979,Swiss Restaurant
95,Chavannes-pr√®s-Renens,46.5293467,6.572993454923568,Coop Restaurant Aclens personnel,46.5263565,6.570440899999999,Restaurant
96,Chavornay,46.7101091,6.564186303935761,H√¥tel de la Gare,46.710433,6.568325,Diner
97,Chavornay,46.7101091,6.564186303935761,Boulangerie P√¢tisserie Court & Fils,46.70939630190344,6.570451457467923,Bakery
98,Cheseaux-sur-Lausanne,46.584282349999995,6.599124803950971,McDonald's,46.58232810881881,6.601357029163465,Fast Food Restaurant
99,Cheseaux-sur-Lausanne,46.584282349999995,6.599124803950971,Au P'tit Bonheur,46.58433197,6.60442978,Restaurant
100,Cheseaux-sur-Lausanne,46.584282349999995,6.599124803950971,Boulangerie chez Bastian,46.58435835218891,6.604871476312263,Bakery
101,Cheseaux-sur-Lausanne,46.584282349999995,6.599124803950971,Max Poulet,46.5864027,6.6046401,Food Truck
102,Ch√©serex,46.3997632,6.1737875,Auberge des Platanes,46.40062256441723,6.17500441340738,French Restaurant
103,Ch√©serex,46.3997632,6.1737875,La Couronne,46.4000952449162,6.173894765312969,Swiss Restaurant
104,Chessel,46.3495725,6.8944469,BDS EHL Restaurant,46.35213,6.895591,Restaurant
105,Chevroux,46.8898441,6.9053929,Restaurant Du Jura,46.891265,6.904728,Swiss Restaurant
106,Chevroux,46.8898441,6.9053929,Caf√© du Port,46.891342,6.903587,Swiss Restaurant
107,Chexbres,46.4809505,6.7803021,Lion D Or,46.48191192724741,6.776666384994004,Diner
108,Chexbres,46.4809505,6.7803021,Cafe De La Poste,46.480459,6.780834,Pizza Place
109,Chexbres,46.4809505,6.7803021,Lucien Moutarlier,46.481710432838504,6.7777228198393615,Bakery
110,Chexbres,46.4809505,6.7803021,Restaurant du Nord Pizzeria,46.482533,6.776071,Italian Restaurant
111,Coinsins,46.4245995,6.2359205,Auberge de la R√©union,46.42454664598129,6.235620975494385,Swiss Restaurant
112,Commugny,46.3182308,6.1757684,Motel le Leman,46.317271,6.174019,Pizza Place
113,Commugny,46.3182308,6.1757684,Hotel-Rotisserie Du Lac,46.31964618225963,6.174326420446671,French Restaurant
114,Commugny,46.3182308,6.1757684,Pizzeria Le Leman,46.317211,6.174094,Italian Restaurant
115,Coppet,46.3164464,6.1927752,Guillaume Bichet,46.315983,6.1928225,Bakery
116,Coppet,46.3164464,6.1927752,Confiserie de la Fontaine,46.31610974820411,6.1934206448382625,Bakery
117,Coppet,46.3164464,6.1927752,Auberge du Ch√¢teau,46.3162672748592,6.191892921924591,Restaurant
118,Coppet,46.3164464,6.1927752,Caf√© Express,46.317378135154335,6.188032707047027,Caf√©
119,Corcelles-le-Jorat,46.6058744,6.7407986,Auberge De Corcelles-Le-Jorat,46.606694,6.741153,Swiss Restaurant
120,Corseaux,46.4722747,6.8320071,Hotellerie De Chatonneyre,46.471829,6.833714,Restaurant
121,Corseaux,46.4722747,6.8320071,Palais Indien,46.47066116333008,6.826741695404053,Indian Restaurant
122,Corseaux,46.4722747,6.8320071,Boulangerie des Moulins,46.47071152822766,6.8378744981033055,Bakery
123,Corseaux,46.4722747,6.8320071,Trattoria Vevey-corseaux Plage,46.467971,6.833083,Trattoria/Osteria
124,Cossonay,46.6138202,6.508938,Restaurant Le Cerf,46.614233597785535,6.508806671003452,Restaurant
125,Cossonay,46.6138202,6.508938,Tawan Tha√Ø,46.61455754957876,6.508026123046875,Asian Restaurant
126,Cossonay,46.6138202,6.508938,La Fleur de Sel,46.614145901492535,6.508645642833973,Swiss Restaurant
127,Cossonay,46.6138202,6.508938,La Fourmi Provencale,46.61290517151943,6.506583607881316,Bakery
128,Crassier,46.374331,6.164548,Au Boeuf Rouge,46.37438456248669,6.163624060426811,Swiss Restaurant
129,Crassier,46.374331,6.164548,La Bo√Æt‚Äô √† Pizza,46.373808,6.163578,Pizza Place
130,Crassier,46.374331,6.164548,Auberge de Crassier,46.374622465002965,6.163108106260848,French Restaurant
131,Crissier,46.5538658,6.5772501,Restaurant de l‚ÄôH√¥tel de Ville de Crissier,46.553996327844736,6.576703421071869,French Restaurant
132,Crissier,46.5538658,6.5772501,Cafe Du Soleil,46.550823208146134,6.579164891816164,Restaurant
133,Crissier,46.5538658,6.5772501,Palais des saucisses au sucre,46.55158306691152,6.581397331535073,Dumpling Restaurant
134,Croy,46.6945678,6.4771721,Clef d'Or - St Romain,46.69464489015689,6.4779617478022,Diner
135,Croy,46.6945678,6.4771721,R√¥tisserie Au Gaulois,46.69477643344098,6.478148028285816,Diner
136,Croy,46.6945678,6.4771721,Caf√©-Restaurant de la Gare,46.694718764793684,6.478079067637137,Diner
137,Croy,46.6945678,6.4771721,Fleur de Farine,46.6946747921454,6.478186330633653,Bakery
138,Cudrefin,46.9560359,7.0183078,Chez Popeye,46.95753,7.016639,Seafood Restaurant
139,Cudrefin,46.9560359,7.0183078,Hotel de Ville,46.95574962899978,7.015039829343078,Diner
140,Cudrefin,46.9560359,7.0183078,Baywatch,46.958127,7.015707,Snack Place
141,Cugy,46.5842947,6.6404485,Net Viet,46.584149,6.639388,Vietnamese Restaurant
142,Cugy,46.5842947,6.6404485,Fleur de Pains,46.584516,6.639696,Bakery
143,Cugy,46.5842947,6.6404485,Max Poulet,46.58323003134352,6.635455293672013,Food Truck
144,Daillens,46.6202897,6.5487115,Auberge La Balance,46.620314,6.547981,Restaurant
145,Daillens,46.6202897,6.5487115,Boulangerie / Epicerie P. Cl√©ment,46.620182,6.548254,Bakery
146,Denens,46.518323,6.4564786,Charme Tha√Ø,46.517280987908514,6.45746648311615,Asian Restaurant
147,Denens,46.518323,6.4564786,Paindino,46.518518,6.45658,Bakery
148,Denges,46.5241679,6.5402546,Le Rendez-Vous,46.523983001708984,6.540297031402588,Chinese Restaurant
149,Denges,46.5241679,6.5402546,L'ECHO PAIN,46.523726,6.540611,Bakery
150,Denges,46.5241679,6.5402546,Caf√© Des Amis,46.522048893088005,6.537936900967209,Restaurant
151,Donneloye,46.744325,6.7155281,La Clef Des Champs,46.742996,6.713877,Restaurant
152,Donneloye,46.744325,6.7155281,Cle Aux Champs,46.74314759890983,6.713240428207936,Restaurant
153,Duillier,46.4097312,6.235451,Caveau √† Poquet,46.410892,6.23668,Swiss Restaurant
154,Duillier,46.4097312,6.235451,Auberge De Duillier,46.408097,6.234426,French Restaurant
155,Dully,46.4304617,6.2957383,Auberge Communale de Dully,46.429381002515335,6.2957168299554365,French Restaurant
156,√âchallens,46.6381163,6.6346951,Maison du Bl√© et du Pain,46.64183524696606,6.632661015233224,Restaurant
157,√âchallens,46.6381163,6.6346951,H√¥tel De Ville,46.641413285614526,6.6323566254438875,French Restaurant
158,√âchallens,46.6381163,6.6346951,Max Poulet,46.6373493,6.6348842,Food Truck
159,√âchallens,46.6381163,6.6346951,Auberge Du Cheval Blanc,46.63942118511906,6.6352557858051995,French Restaurant
160,√âchandens,46.534381,6.5410474,Jacquat,46.535024,6.541629,Bakery
161,√âchandens,46.534381,6.5410474,Restaurant Du L√©man,46.53364423662401,6.540795927413441,Swiss Restaurant
162,√âchandens,46.534381,6.5410474,Auberge Communale d'Echandens,46.534313816749155,6.541305796109732,Swiss Restaurant
163,√âchandens,46.534381,6.5410474,Max Poulet,46.53099193902322,6.541021367555786,Food Truck
164,√âchichens,46.5265541,6.4978862,Il Sib√≤,46.526125,6.49806,Italian Restaurant
165,√âchichens,46.5265541,6.4978862,Caf√© vaudois,46.52615009688043,6.498223315362214,Swiss Restaurant
166,√âcl√©pens,46.6515007,6.5285061,Auberge Ecl√©pens,46.652667935487045,6.526246511108431,Pizza Place
167,√âcublens,46.5261672,6.5620735,Fleur de Pains,46.52874638677079,6.566542051396329,Bakery
168,√âcublens,46.5261672,6.5620735,Restaurant Le Motty,46.52600770067726,6.561406072352255,Swiss Restaurant
169,√âcublens,46.5261672,6.5620735,Burrito Brothers,46.52241196533247,6.565643209053592,Burrito Place
170,√âcublens,46.5261672,6.5620735,Gina,46.52252417494592,6.565572262723721,Italian Restaurant
171,√âpalinges,46.547327,6.6726245,Caf√© Restaurant Des Tramways,46.54770831962344,6.67130059081537,Italian Restaurant
172,√âpalinges,46.547327,6.6726245,Fleur de pains,46.54839873865041,6.673498065019109,Bakery
173,√âpalinges,46.547327,6.6726245,Sushi Zen,46.548181812802426,6.6726891780007715,Japanese Restaurant
174,√âpalinges,46.547327,6.6726245,Restaurant Chinois Le Bon-Vivant,46.54819805140764,6.672980905251694,Chinese Restaurant
175,√âtagni√®res,46.6001382,6.6134167,Auberge D'Etagni√®re,46.59985761447883,6.613099875866644,Steakhouse
176,√âtagni√®res,46.6001382,6.6134167,Tai Po,46.601206,6.613702,Chinese Restaurant
177,√âtoy,46.4860906,6.4193113,Auberge Communale d'Etoy,46.48606510477343,6.419337917539862,Swiss Restaurant
178,√âtoy,46.4860906,6.4193113,Aux Pierrots,46.48606628854274,6.419301709434217,Bakery
179,√âtoy,46.4860906,6.4193113,La Esquina Argentina,46.484423,6.4215,Argentinian Restaurant
180,Eysins,46.3807218,6.2042596,Ecusson-Vaudois,46.380897,6.205879,Swiss Restaurant
181,Eysins,46.3807218,6.2042596,Malakoffs,46.380743,6.206015,Swiss Restaurant
182,Faoug,46.9057923,7.0740011,Restaurant de la Gare,46.907806,7.073751,Swiss Restaurant
183,Faoug,46.9057923,7.0740011,Restaurant Werft Faoug,46.907732,7.070701,Modern European Restaurant
184,F√©chy,46.4786555,6.3747532,Auberge De Fechy,46.479478,6.373228,French Restaurant
185,Founex,46.3338174,6.1943733,Mamma Luigia Ginevra,46.330427,6.191617,Pizza Place
186,Froideville,46.6012433,6.6816355,De La Poste,46.60098863960298,6.681341586694801,Swiss Restaurant
187,Genolier,46.4350251,6.2178235,Auberge des Trois Tilleuls,46.435447327173094,6.217048721063706,French Restaurant
188,Genolier,46.4350251,6.2178235,Caf√© Restaurant Les Trois Suisses,46.43506538854943,6.218230588463375,Swiss Restaurant
189,Genolier,46.4350251,6.2178235,Auberge Aux 3 Tilleuls,46.43515074099382,6.2179505825042725,Swiss Restaurant
190,Gilly,46.4575111,6.2969883,Auberge Communale de Gilly,46.4576755,6.29613605,Swiss Restaurant
191,Gimel,46.5088102,6.3070695,Caf√©-Restaurant de la Poste,46.50867304198708,6.308218348244899,Diner
192,Gingins,46.4094508,6.1779167,Auberge de la Poste,46.411559191537314,6.177707323886642,Spanish Restaurant
193,Givrins,46.4289779,6.2017676,Boulangerie Spichiger,46.428662,6.201394,Bakery
194,Givrins,46.4289779,6.2017676,Auberge Au Sapin,46.429176330566406,6.202269077301025,French Restaurant
195,Gland,46.4212913,6.2675845,Profumo d'Italia,46.42166753603133,6.262204836311532,Pizza Place
196,Gland,46.4212913,6.2675845,Buffet de la Gare,46.42046792717036,6.268870390772928,Mediterranean Restaurant
197,Gland,46.4212913,6.2675845,hubiz,46.42048226484189,6.269016830443544,Diner
198,Gland,46.4212913,6.2675845,Namoo,46.421124,6.262547,Korean Restaurant
199,Goumo√´ns,46.6588604,6.60448910808263,Pizza des Anges,46.65814338972313,6.604244623304844,Pizza Place
200,Grancy,46.5915221,6.4649462,Maison De Ville De Grancy,46.59214,6.465769,Swiss Restaurant
201,Grandcour,46.8718747,6.928747,Caf√© De L‚Äôunion,46.871871,6.928055,Spanish Restaurant
202,Grandson,46.8086306,6.6417532,tony,46.808748,6.642243,Restaurant
203,Grandson,46.8086306,6.6417532,Hotel Restaurant Du Lac,46.807216,6.643322,Restaurant
204,Grandson,46.8086306,6.6417532,L'arboulastre,46.808524,6.645378,Restaurant
205,Grandson,46.8086306,6.6417532,Kiosque de la Place,46.80935202985938,6.645396586897223,Bakery
206,Grandson,46.8086306,6.6417532,Restaurant des Quais,46.806107421633236,6.642957483809635,French Restaurant
207,Grandson,46.8086306,6.6417532,Bar Le Ch√¢telet,46.809475,6.6467924,Caf√©
208,Grandson,46.8086306,6.6417532,Restaurant Du Cercle De La Voile,46.80505,6.63956992,Restaurant
209,Grandson,46.8086306,6.6417532,Restaurant Le P√©cos,46.80500502055939,6.6388754547188,Restaurant
210,Gryon,46.2746628,7.063671,Buffet de la Gare,46.273942,7.060706,Swiss Restaurant
211,Gryon,46.2746628,7.063671,Maison Du Terroir,46.273862,7.063922,Deli / Bodega
212,Gryon,46.2746628,7.063671,Caf√©-Restaurant des Alpes,46.27416960981184,7.065047482532382,Restaurant
213,Henniez,46.7422549,6.8834048,Jimmy's Corner,46.741224,6.887476,Restaurant
214,Jongny,46.4788533,6.8418378,restaurant-pizzeria les trois suisses,46.479219,6.842167,Pizza Place
215,Jongny,46.4788533,6.8418378,Les 3 suisses,46.479367365065045,6.842077264273,Diner
216,Jorat-M√©zi√®res,46.596773400000004,6.7764275151885025,Auberge communale Mezieres,46.59562301635742,6.77055931091309,Diner
217,La Chaux,46.61604,6.472555,Auberge Communale,46.615977,6.473684,French Restaurant
218,La Chaux,46.61604,6.472555,auberge de la chaux,46.615814208984375,6.471782207489014,Restaurant
219,La Rippe,46.3815133,6.1504437,Auberge de l'Etoile,46.3801373770567,6.151917337506733,French Restaurant
220,La Sarraz,46.6590583,6.5124448,Le Casino,46.658748,6.516897,Portuguese Restaurant
221,La Sarraz,46.6590583,6.5124448,Restaurant de la Piscine de la Venoge,46.66102,6.508899,Restaurant
222,La Tour-de-Peilz,46.4537524,6.8569063,Veneto,46.455489085042224,6.854807234421679,Italian Restaurant
223,La Tour-de-Peilz,46.4537524,6.8569063,La Chaumi√®re,46.45755765773049,6.857799671729538,French Restaurant
224,La Tour-de-Peilz,46.4537524,6.8569063,Restaurant R√©sidence Rive-Reine,46.450335047477154,6.859522646055868,Swiss Restaurant
225,La Tour-de-Peilz,46.4537524,6.8569063,Augnet Confiseur,46.45540864902353,6.862965273411777,Bakery
226,Lausanne,46.5218269,6.6327025,Eat Me,46.520266,6.632343,Restaurant
227,Lausanne,46.5218269,6.6327025,Le Pointu,46.52334,6.630874,Breakfast Spot
228,Lausanne,46.5218269,6.6327025,Uchitomi,46.521304,6.631869,Japanese Restaurant
229,Lausanne,46.5218269,6.6327025,Inglewood,46.522352680808446,6.631424466206092,Burger Joint
230,Lausanne,46.5218269,6.6327025,Prince d'Egypte,46.520878127246874,6.634640834047365,Falafel Restaurant
231,Lausanne,46.5218269,6.6327025,Cr√™perie de La Chandeleur,46.5216729416307,6.634691303041087,Creperie
232,Lausanne,46.5218269,6.6327025,Le Petit Central,46.52083514343545,6.63304575256861,French Restaurant
233,Lausanne,46.5218269,6.6327025,Caf√© du Gr√ªtli,46.521906908978046,6.63360302774349,Swiss Restaurant
234,Lausanne,46.5218269,6.6327025,Eligo,46.52078818738676,6.635395485981121,Modern European Restaurant
235,Lausanne,46.5218269,6.6327025,Caf√© de l'H√¥tel de Ville,46.52221699247369,6.632455235071693,Caf√©
236,Lausanne,46.5218269,6.6327025,Pinte Besson,46.5231058074167,6.629603477039009,Swiss Restaurant
237,Lausanne,46.5218269,6.6327025,Blackbird Coffee & Breakfast Club,46.520816,6.636398,Breakfast Spot
238,Lausanne,46.5218269,6.6327025,Pizzeria Fratel E Napule,46.52361663838281,6.6293304100793335,Pizza Place
239,Lausanne,46.5218269,6.6327025,Caf√© de l'Ev√™ch√©,46.521797728151626,6.635780381795271,Caf√©
240,Lausanne,46.5218269,6.6327025,Slice,46.52455461660934,6.631253187002182,Pizza Place
241,Lausanne,46.5218269,6.6327025,L'AO,46.52143001693736,6.636471748352051,French Restaurant
242,Lausanne,46.5218269,6.6327025,Pancs,46.52249,6.628411,Creperie
243,Lausanne,46.5218269,6.6327025,Brasserie Grand-Ch√™ne,46.51970899088133,6.631117201537665,French Restaurant
244,Lausanne,46.5218269,6.6327025,Pearl,46.519962,6.631588,Restaurant
245,Lausanne,46.5218269,6.6327025,Le Cinq restaurant,46.520799,6.632919,French Restaurant
246,Lausanne,46.5218269,6.6327025,"C√¥t√© Jardin, Lausanne Palace",46.51933577850406,6.630655356232842,French Restaurant
247,Lausanne,46.5218269,6.6327025,Coccinelle Caf√©,46.521630602882105,6.630929126288113,Snack Place
248,Lausanne,46.5218269,6.6327025,La Couronne d'Or,46.524748180727244,6.634093857323659,Caf√©
249,Lausanne,46.5218269,6.6327025,Chez Xu,46.52489395998293,6.63321923246686,Chinese Restaurant
250,Lausanne,46.5218269,6.6327025,Chez Mario,46.5200069662711,6.636310973080923,Italian Restaurant
251,Lausanne,46.5218269,6.6327025,Pz Pizza,46.52126082937007,6.631925810672703,Pizza Place
252,Lausanne,46.5218269,6.6327025,NingBo,46.52226,6.630627,Cantonese Restaurant
253,Lausanne,46.5218269,6.6327025,Minuit Soleil,46.520979807074724,6.634805802948087,French Restaurant
254,Lausanne,46.5218269,6.6327025,The Green Van Company,46.521442463827604,6.628071803368237,Burger Joint
255,Lausanne,46.5218269,6.6327025,Holy Cow!,46.52270160875405,6.628218591213226,Burger Joint
256,Lausanne,46.5218269,6.6327025,P'tit Bar,46.52168102016236,6.635845502073101,Caf√©
257,Lausanne,46.5218269,6.6327025,Holy Cow!,46.520243294098286,6.636391282081604,Burger Joint
258,Lausanne,46.5218269,6.6327025,Luigia,46.51962154251524,6.637159734922567,Restaurant
259,Lausanne,46.5218269,6.6327025,Laxmi Restaurant indien,46.52184543555128,6.6337498074265,Indian Restaurant
260,Lausanne,46.5218269,6.6327025,La Table d'Edgard,46.51932113158886,6.630528534258327,Molecular Gastronomy Restaurant
261,Lausanne,46.5218269,6.6327025,Fooby Lausanne Bel-Air,46.522433,6.628834,Caf√©
262,Lausanne,46.5218269,6.6327025,Black Bird Downtown Dinner,46.521393105264494,6.630093455314636,English Restaurant
263,Lausanne,46.5218269,6.6327025,Caf√© mood,46.517875,6.635652,Caf√©
264,Lausanne,46.5218269,6.6327025,Abyssinia,46.52434711711776,6.631518089788494,Ethiopian Restaurant
265,Lausanne,46.5218269,6.6327025,Le Java,46.520630917422366,6.63850620080094,Diner
266,Lausanne,46.5218269,6.6327025,Au couscous,46.5200110118049,6.636893960468192,Moroccan Restaurant
267,Lausanne,46.5218269,6.6327025,Caf√© Mozart,46.5185776916772,6.633565661415361,Caf√©
268,Lausanne,46.5218269,6.6327025,Myo Sushi Bar,46.51984953834967,6.627171143211082,Japanese Restaurant
269,Lausanne,46.5218269,6.6327025,Le Jardin Thai,46.51845148679908,6.630186166886185,Thai Restaurant
270,Lausanne,46.5218269,6.6327025,Restaurant japonais Taiyo,46.51857454843059,6.631980001007997,Japanese Restaurant
271,Lausanne,46.5218269,6.6327025,Orchid√©e,46.523434488307494,6.6284986132373405,Asian Restaurant
272,Lausanne,46.5218269,6.6327025,Churasco Steak House,46.51997107695124,6.636453298952555,Argentinian Restaurant
273,Lausanne,46.5218269,6.6327025,Tacos Bar,46.52164769243244,6.628424516986189,American Restaurant
274,Lausanne,46.5218269,6.6327025,Antica Trattoria,46.52070440878874,6.6384649962896765,Trattoria/Osteria
275,Lausanne,46.5218269,6.6327025,Pla Tu Thong,46.524720989933655,6.637434894375567,Thai Restaurant
276,Lausanne,46.5218269,6.6327025,Tokyo,46.52153756044935,6.626892623621134,Japanese Restaurant
277,Lausanne,46.5218269,6.6327025,Hydromel,46.52393268098894,6.627532636338955,Caf√©
278,Lausanne,46.5218269,6.6327025,Thai Orchid√©e,46.521999,6.626507,Thai Restaurant
279,Lausanne,46.5218269,6.6327025,Hoa Sen,46.5239224572412,6.630045890160936,Vietnamese Restaurant
280,Lausanne,46.5218269,6.6327025,Burger King,46.52152103478561,6.630178654938926,Fast Food Restaurant
281,Lausanne,46.5218269,6.6327025,EasyFood (Food Court),46.52183332301441,6.629799202575325,Restaurant
282,Lausanne,46.5218269,6.6327025,istanbul grill & more,46.521520242399035,6.627054479782527,Turkish Restaurant
283,Lausanne,46.5218269,6.6327025,Bistrot du flon,46.521361853272204,6.628854306948673,Swiss Restaurant
284,Lausanne,46.5218269,6.6327025,Le Cygne,46.52371180825731,6.62724717518161,Restaurant
285,Lausanne,46.5218269,6.6327025,Leonardo Bar & Food,46.5211222320674,6.628851168354933,Restaurant
286,Lausanne,46.5218269,6.6327025,Cipriano Wine & Ham,46.521358135413244,6.62771588597841,Italian Restaurant
287,Lausanne,46.5218269,6.6327025,La Torre,46.523605,6.627566,Pizza Place
288,Lausanne,46.5218269,6.6327025,Migros Restaurant,46.52248609607987,6.626749016940665,Restaurant
289,Lausanne,46.5218269,6.6327025,7 King's Curry,46.52180507563807,6.6297711720010986,Indian Restaurant
290,Lausanne,46.5218269,6.6327025,Le tout petit tha√Ø,46.521872504768204,6.62961377611511,Thai Restaurant
291,Lausanne,46.5218269,6.6327025,Chez Jaime,46.52367926669597,6.627429939712186,Portuguese Restaurant
292,Lausanne,46.5218269,6.6327025,La Croquignole,46.523037,6.6292796,Diner
293,Lausanne,46.5218269,6.6327025,La Gazelle,46.523481,6.627924,Middle Eastern Restaurant
294,Lausanne,46.5218269,6.6327025,aux bonnes choses,46.52248162780775,6.627352257980904,Sandwich Place
295,Lausanne,46.5218269,6.6327025,Tao,46.52154467219831,6.627109880633666,Asian Restaurant
296,Lausanne,46.5218269,6.6327025,Le Club,46.52169582377313,6.62671556897656,Restaurant
297,Le Chenit,46.6046637,6.2337695,Tangerina Caffe,46.605358,6.230359,Caf√©
298,Le Chenit,46.6046637,6.2337695,Selim Fast-Food,46.606721,6.22972,Fast Food Restaurant
299,Le Chenit,46.6046637,6.2337695,H√¥tel de Ville,46.607317,6.230398,Argentinian Restaurant
300,Le Chenit,46.6046637,6.2337695,La Ronde des Pains,46.60797,6.23155,Bakery
301,Le Mont-sur-Lausanne,46.55891525,6.639731595932881,Fleur De Pains,46.558456,6.636156,Bakery
302,Le Mont-sur-Lausanne,46.55891525,6.639731595932881,Le Central,46.558904700063145,6.635890630131343,Diner
303,Le Mont-sur-Lausanne,46.55891525,6.639731595932881,Folies Burgers,46.55980120753492,6.6359843949699515,Food Truck
304,Le Vaud,46.4774891,6.2355007,"Auberge La Charrue, Le Vaud",46.47764,6.2356477,Italian Restaurant
305,Leysin,46.3438701,7.0148403,La Fromagerie,46.34151402782657,7.013015574366375,Swiss Restaurant
306,Leysin,46.3438701,7.0148403,Le Leysin,46.34149417307754,7.012713834547246,Swiss Restaurant
307,Leysin,46.3438701,7.0148403,Hotel Le Grand Chalet,46.34701021004933,7.011683245209634,Swiss Restaurant
308,Leysin,46.3438701,7.0148403,La Farandole,46.34343588842837,7.012772125326502,Bakery
309,Leysin,46.3438701,7.0148403,La Renaissance,46.34326149068979,7.012821049736618,Snack Place
310,Leysin,46.3438701,7.0148403,Chinese,46.342824955970194,7.012938049587289,Asian Restaurant
311,Leysin,46.3438701,7.0148403,Coffee Bean Belvedere,46.34440814998219,7.011181960642783,Bakery
312,Leysin,46.3438701,7.0148403,SHMS Market Place,46.34495117311877,7.010294685472896,Diner
313,Leysin,46.3438701,7.0148403,SHMS Student's Kitchen,46.345092,7.01028,Food Truck
314,Leysin,46.3438701,7.0148403,Han-lung,46.342134993410305,7.01057733332998,Chinese Restaurant
315,Leysin,46.3438701,7.0148403,Culinary Studio,46.34496733073128,7.009921408173361,Asian Restaurant
316,Leysin,46.3438701,7.0148403,SHMS French restaurant,46.34494818254912,7.009742809365218,French Restaurant
317,Leysin,46.3438701,7.0148403,Restaurant La Calabre,46.34074808633425,7.011546143287528,Italian Restaurant
318,L'Isle,46.6187582,6.411704,Yves Hohl Confiseur,46.620392742767926,6.414171666146733,Bakery
319,L'Isle,46.6187582,6.411704,Buvette de chatel,46.618259,6.413437,Restaurant
320,L'Isle,46.6187582,6.411704,Le Grutli,46.61997,6.413836,Restaurant
321,Lonay,46.5265684,6.5206068,Restaurant Du Mont-blanc,46.52628795867679,6.520565679810277,Swiss Restaurant
322,Lonay,46.5265684,6.5206068,Pour Vos Beaux Yeux,46.524725700722534,6.521099805370743,Bakery
323,Longirod,46.4943826,6.2581282,les 3 sapins,46.494504,6.258634,Diner
324,Longirod,46.4943826,6.2581282,Aux Trois Sapins,46.49449920654297,6.258780479431152,Caf√©
325,Lucens,46.708447,6.8389766,Hotel De La Gare,46.70760769199956,6.841660642384108,Swiss Restaurant
326,Lucens,46.708447,6.8389766,La bagatelle,46.708816348016086,6.839552521705627,Chinese Restaurant
327,Lucens,46.708447,6.8389766,La Terrazza Del Sole,46.708529,6.839039,Italian Restaurant
328,Lucens,46.708447,6.8389766,Caf√© du Poids,46.708580017089844,6.839466571807861,Pizza Place
329,Luins,46.442819,6.271154,Auberge Communale de Luins,46.4439415178676,6.272478716602336,Swiss Restaurant
330,Luins,46.442819,6.271154,Epicerie De Luins,46.442794170573336,6.2693966938503864,Deli / Bodega
331,Lussery-Villars,46.6309961,6.5251994,Auberge Communale De Lussery Villars,46.63021214987025,6.524673273333191,Restaurant
332,Lussery-Villars,46.6309961,6.5251994,Restaurant la Croix-Blanche,46.630228,6.524643,Restaurant
333,Lussy-sur-Morges,46.5028627,6.4508849,P'tit Pressoire,46.50283,6.4503193,Restaurant
334,Lutry,46.5032766,6.6867879,Non-Stop,46.50267085246779,6.685645719171916,Burger Joint
335,Lutry,46.5032766,6.6867879,Caf√© de la Poste,46.50182491283735,6.6861092096780395,Seafood Restaurant
336,Lutry,46.5032766,6.6867879,La Barca,46.501886869323464,6.685100923075511,Restaurant
337,Lutry,46.5032766,6.6867879,Restaurant du L√©man,46.502315054143686,6.6847043223177165,Latin American Restaurant
338,Lutry,46.5032766,6.6867879,Vincent,46.502376556396484,6.684785842895508,Diner
339,Lutry,46.5032766,6.6867879,Caf√© de la Tour,46.50470163265307,6.685045918367347,Restaurant
340,Lutry,46.5032766,6.6867879,Restaurant de la Tour Lutry,46.503024,6.683544,Restaurant
341,Marchissy,46.4880203,6.2468313,H√¥tel de Commune,46.489378,6.248006,Swiss Restaurant
342,Mathod,46.7667908,6.5647296,Girard self-service,46.765723,6.564375,Swiss Restaurant
343,Mathod,46.7667908,6.5647296,Bouba Douceurs,46.76606642840999,6.565015101292321,Bakery
344,Mathod,46.7667908,6.5647296,Le Bras D'Or,46.767382,6.565919,Brazilian Restaurant
345,Mauborget,46.8558706,6.6146584,Paral'Aile,46.854736328125,6.612221717834473,Swiss Restaurant
346,Mies,46.3060321,6.1723029,Restaurant La Couronne,46.30583282691043,6.172379082826407,Swiss Restaurant
347,Mies,46.3060321,6.1723029,Auberge au Lion d'Or,46.30895635735988,6.175996891313224,French Restaurant
348,Moiry,46.6485694,6.4552312,Caf√©-Restaurant de l'Etoile,46.64816619284423,6.452955069687436,Diner
349,Montagny-pr√®s-Yverdon,46.7894905,6.610159330323476,O Vertige,46.791451,6.611777,Restaurant
350,Montagny-pr√®s-Yverdon,46.7894905,6.610159330323476,Caf√©-Restaurant de la Place,46.79133560787143,6.612051454001592,Asian Restaurant
351,Montcherand,46.7330803,6.5102099,restaurant de la treille,46.73280785997693,6.510154754984342,Restaurant
352,Montherod,46.4998683,6.367545,Auberge Communale De Montherod,46.498895253088996,6.3664952201242855,Pizza Place
353,Mont-sur-Rolle,46.470957,6.3365929,Auberge Communale Au Coeur de la C√¥te,46.47206216711637,6.3340732944774345,Diner
354,Mont-sur-Rolle,46.470957,6.3365929,Au Coeur De La C√¥te,46.472059,6.334059,Diner
355,Montreux,46.4310831,6.9129921,LA BRASSERIE,46.43038633873535,6.912169930546499,Restaurant
356,Montreux,46.4310831,6.9129921,Dolce,46.43129842409903,6.910579204376947,Italian Restaurant
357,Montreux,46.4310831,6.9129921,Restaurant le Museum,46.4340400918754,6.913670888712654,Swiss Restaurant
358,Montreux,46.4310831,6.9129921,Caveau des Vignerons Montreux,46.43355884386902,6.913336268589795,Swiss Restaurant
359,Montreux,46.4310831,6.9129921,La Rouvenaz,46.43342562311741,6.910120559856287,Pizza Place
360,Montreux,46.4310831,6.9129921,Le Palais Oriental,46.43077989923398,6.909015777654318,Middle Eastern Restaurant
361,Montreux,46.4310831,6.9129921,Huit Sushi - Restaurant Japonais,46.430142116424754,6.914321617370893,Japanese Restaurant
362,Montreux,46.4310831,6.9129921,La Terrasse by Rouvenaz,46.433042553715836,6.9097369260485,Caf√©
363,Montreux,46.4310831,6.9129921,Molino,46.43158947078926,6.909160680612608,Italian Restaurant
364,Montreux,46.4310831,6.9129921,Tea Room De La Baye,46.43391894774268,6.916380410097474,Caf√©
365,Montreux,46.4310831,6.9129921,Rando Burger,46.432167,6.911207,Burger Joint
366,Montreux,46.4310831,6.9129921,Chez-Gaston,46.43039963903426,6.9095580275153825,Restaurant
367,Montreux,46.4310831,6.9129921,Beijing Town,46.4309530047488,6.910910711639869,Chinese Restaurant
368,Montreux,46.4310831,6.9129921,Barrel Oak,46.43499352954921,6.909977557819091,Irish Pub
369,Montreux,46.4310831,6.9129921,Au Parc,46.43354,6.910237,Italian Restaurant
370,Montreux,46.4310831,6.9129921,Le Basilic,46.430721782047264,6.910009370969273,Chinese Restaurant
371,Montreux,46.4310831,6.9129921,caf√© tr√®s,46.433694,6.910763,Restaurant
372,Montreux,46.4310831,6.9129921,Lucien Moutarlier,46.434024335470355,6.909887337174583,French Restaurant
373,Montreux,46.4310831,6.9129921,McDonald's,46.43139583916784,6.909100763765916,Fast Food Restaurant
374,Montreux,46.4310831,6.9129921,Emperor Restaurant,46.43136986305847,6.910919997046184,Chinese Restaurant
375,Montreux,46.4310831,6.9129921,Le M√©tropole,46.43458205607349,6.909604014017128,Pizza Place
376,Montreux,46.4310831,6.9129921,Mae Nam Thai,46.4318648502309,6.912511754436973,Thai Restaurant
377,Montreux,46.4310831,6.9129921,Brasserie Bavaria,46.429937667587616,6.91322812127671,German Restaurant
378,Montreux,46.4310831,6.9129921,D√®lifrance,46.431737,6.911685,Cafeteria
379,Montreux,46.4310831,6.9129921,San Luca,46.430751,6.911717,Italian Restaurant
380,Montreux,46.4310831,6.9129921,Adam's Cafe (opposite to the Casino),46.43011,6.91178,Caf√©
381,Montreux,46.4310831,6.9129921,Ohnmacht Boulangerie,46.43128411189751,6.910573021885128,Bakery
382,Montreux,46.4310831,6.9129921,Les 4 Saisons,46.43172531235332,6.912649061487024,French Restaurant
383,Montreux,46.4310831,6.9129921,Le Saxo,46.42972551453293,6.911124332781932,Restaurant
384,Montreux,46.4310831,6.9129921,Subway,46.431507202507106,6.909263134002685,Sandwich Place
385,Montreux,46.4310831,6.9129921,Chalet de la Poya,46.43320665790712,6.909737576936593,Swiss Restaurant
386,Montreux,46.4310831,6.9129921,Patisserie Moutarlier,46.434003788717646,6.9099972000309,Bakery
387,Montreux,46.4310831,6.9129921,Caviar House,46.4341755114417,6.90991274646607,Seafood Restaurant
388,Morges,46.5093268,6.498317,Fornerod,46.50902588666108,6.498242490726716,Caf√©
389,Morges,46.5093268,6.498317,Pepper Jack,46.51006146989903,6.499375431008734,Burger Joint
390,Morges,46.5093268,6.498317,Restaurant Mont-Blanc au Lac,46.5078551215612,6.498967502084017,Swiss Restaurant
391,Morges,46.5093268,6.498317,Le Casino,46.50853183331115,6.500123763081014,French Restaurant
392,Morges,46.5093268,6.498317,Le Petit Manoir,46.507134,6.492935,French Restaurant
393,Morges,46.5093268,6.498317,Hotel de Savoie Restaurant De l'Union,46.510272666555345,6.499662512481616,Diner
394,Morges,46.5093268,6.498317,Metropolis,46.50977530701766,6.499827175971242,French Restaurant
395,Morges,46.5093268,6.498317,Fleur de Pains,46.50836068354155,6.498382503100059,Bakery
396,Morges,46.5093268,6.498317,McDonald's,46.51089440776867,6.493998169898986,Fast Food Restaurant
397,Morges,46.5093268,6.498317,Sushi Zen,46.50826283762094,6.498271363175764,Asian Restaurant
398,Morges,46.5093268,6.498317,Rong Town,46.508057,6.497042,Chinese Restaurant
399,Morges,46.5093268,6.498317,Planet's Sandwich,46.510067,6.497293,Sandwich Place
400,Morges,46.5093268,6.498317,Anatolien,46.509897,6.499321,Middle Eastern Restaurant
401,Morges,46.5093268,6.498317,Maier,46.5084203,6.498718857765198,Caf√©
402,Morges,46.5093268,6.498317,Max Poulet,46.509397375490416,6.49864941333453,Food Truck
403,Morges,46.5093268,6.498317,Il BiVio,46.508961,6.496075,Pizza Place
404,Morges,46.5093268,6.498317,Mikado,46.508121,6.497175,Caf√©
405,Morges,46.5093268,6.498317,La Cantina,46.51056156887972,6.4954779147346144,Pizza Place
406,Morges,46.5093268,6.498317,Croco's,46.51111792872874,6.494606859046786,Bakery
407,Moudon,46.6680664,6.8003478,Caf√© De La Poste,46.668355,6.798425,Restaurant
408,Moudon,46.6680664,6.8003478,Auberge de la douane,46.66739523410797,6.799759268760681,Swiss Restaurant
409,Moudon,46.6680664,6.8003478,Caf√© du Nord,46.66906881301266,6.798310203681847,Caf√©
410,Moudon,46.6680664,6.8003478,Oh La Pizza,46.669352,6.798194,Pizza Place
411,Moudon,46.6680664,6.8003478,Padaria Bessa,46.670623779296875,6.804023265838623,Bakery
412,Moudon,46.6680664,6.8003478,Kebab Grande Fin,46.670351,6.804825,Falafel Restaurant
413,Noville,46.3817112,6.8996176,Grammont Caf√©-Restaurant,46.38052199289356,6.902853492874986,Restaurant
414,Noville,46.3817112,6.8996176,Caf√© de l'Etoile,46.38591384887695,6.899320125579834,Swiss Restaurant
415,Nyon,46.3820585,6.2402791,Hostellerie du XVIe Si√®cle,46.381908234186646,6.238372878561487,Restaurant
416,Nyon,46.3820585,6.2402791,Caf√© du March√©,46.38211003537054,6.238054591081374,Swiss Restaurant
417,Nyon,46.3820585,6.2402791,Luigia,46.38415521148354,6.237148386034101,Italian Restaurant
418,Nyon,46.3820585,6.2402791,O' Les terrasses du lac,46.38316915073471,6.244105509920022,Diner
419,Nyon,46.3820585,6.2402791,Le Mekong,46.381869,6.24277,Asian Restaurant
420,Nyon,46.3820585,6.2402791,Quai 23,46.381939528162725,6.242902411446672,Italian Restaurant
421,Nyon,46.3820585,6.2402791,Brasserie Le Rive,46.382334,6.243282,Restaurant
422,Nyon,46.3820585,6.2402791,La Roulotte,46.38434671005236,6.235098459047589,Caf√©
423,Nyon,46.3820585,6.2402791,Mumbai Bar,46.38185670792699,6.238729566661856,Indian Restaurant
424,Nyon,46.3820585,6.2402791,Ping Sheng,46.38284312896128,6.238727520126606,Chinese Restaurant
425,Nyon,46.3820585,6.2402791,La Croix Verte,46.382948941121334,6.237707180219331,Italian Restaurant
426,Nyon,46.3820585,6.2402791,La Puccia,46.38234826443604,6.239321053617081,Italian Restaurant
427,Nyon,46.3820585,6.2402791,Le L√©man,46.38266951937151,6.2434208538140155,Swiss Restaurant
428,Nyon,46.3820585,6.2402791,La Nautique,46.379102,6.239657,Seafood Restaurant
429,Nyon,46.3820585,6.2402791,Auberge du Ch√¢teau,46.38210323837678,6.240022983399943,French Restaurant
430,Nyon,46.3820585,6.2402791,McDonald's,46.38300936959317,6.236850911896555,Fast Food Restaurant
431,Nyon,46.3820585,6.2402791,Restaurant Le D√©barcad√®re,46.382514209091724,6.243183502537619,Restaurant
432,Nyon,46.3820585,6.2402791,Grand Cafe,46.38044223419602,6.241389641964776,Caf√©
433,Nyon,46.3820585,6.2402791,Chocolaterie Rapp,46.382749,6.238244,Caf√©
434,Nyon,46.3820585,6.2402791,Winemoon,46.382932604059356,6.2387823832381315,Tapas Restaurant
435,Nyon,46.3820585,6.2402791,Le Cheval Blanc,46.381397811187966,6.24169970237817,French Restaurant
436,Nyon,46.3820585,6.2402791,Sushi Haiku,46.3819225685856,6.238446030238516,Sushi Restaurant
437,Nyon,46.3820585,6.2402791,La Pinte de Rive,46.38240916016939,6.242954320394615,Swiss Restaurant
438,Nyon,46.3820585,6.2402791,Restaurant Le Perdtemps,46.3839671166896,6.238425492302186,Swiss Restaurant
439,Nyon,46.3820585,6.2402791,Appunto,46.383054,6.236672,Cafeteria
440,Nyon,46.3820585,6.2402791,Sultan Restaurant,46.38381,6.244485,Indian Restaurant
441,Nyon,46.3820585,6.2402791,Le p'tit Buffet,46.38412932762994,6.236098396524801,Caf√©
442,Nyon,46.3820585,6.2402791,La maison du g√¢teau,46.38416,6.235995,Bakery
443,Nyon,46.3820585,6.2402791,Au Chalet,46.38439,6.236226,Swiss Restaurant
444,Nyon,46.3820585,6.2402791,Migros Restaurant Nyon,46.38287522777313,6.235126380006745,Swiss Restaurant
445,Nyon,46.3820585,6.2402791,Pouly,46.38314437866211,6.235006809234619,Bakery
446,Nyon,46.3820585,6.2402791,Buffet Express,46.38478633133147,6.236208,Caf√©
447,Ollon,46.2972426,6.9950257,caf√© de l'union,46.29782073083327,6.9955984213603015,Pizza Place
448,Ollon,46.2972426,6.9950257,H√¥tel de Ville d' Ollon,46.296890101272794,6.9951313734054565,French Restaurant
449,Onnens,46.8391148,6.6884927,Restaurant Bellevue Onnens,46.8386,6.688409,Swiss Restaurant
450,Orbe,46.724144,6.5317943,Khaow Hom Thai,46.72525029392391,6.5312366441307,Thai Restaurant
451,Orbe,46.724144,6.5317943,K-Rioc,46.724693,6.5320924,Caf√©
452,Orbe,46.724144,6.5317943,La Charrue,46.722407,6.532079,Pizza Place
453,Orbe,46.724144,6.5317943,tai restaurant,46.72526668832641,6.531447437899771,Asian Restaurant
454,Pailly,46.7013191,6.6745,Auberge Communale Pailly,46.699489960321706,6.673533124164763,Swiss Restaurant
455,Pampigny,46.5806506,6.4284521,"Auberge Du Chene, Pampigny",46.58090788542922,6.4287838786982086,Diner
456,Paudex,46.5056892,6.6732336,La Terrasse,46.503857106544416,6.678535406996833,Restaurant
457,Paudex,46.5056892,6.6732336,La Fontaine Restaurant Pizzeria,46.50648586053655,6.671788276532695,Pizza Place
458,Paudex,46.5056892,6.6732336,H√¥tel-Restaurant du Ch√¢teau de Paudex,46.507439886912486,6.671805786320834,Swiss Restaurant
459,Paudex,46.5056892,6.6732336,Socar/Migrolino,46.50638258688129,6.673643574883136,Bakery
460,Paudex,46.5056892,6.6732336,Caf√© de Paudex,46.50589214230895,6.672533209145256,Restaurant
461,Paudex,46.5056892,6.6732336,Patisserie de Paudex,46.5074692006933,6.671813500849264,Bakery
462,Paudex,46.5056892,6.6732336,Hokaido restaurant,46.50744225958546,6.671446991604961,Asian Restaurant
463,Paudex,46.5056892,6.6732336,Fleur de Pains,46.50678852474843,6.6671584084153,Bakery
464,Payerne,46.8208047,6.939126,Caf√© Cheval Blanc Payerne,46.82023243275852,6.9364978605380125,Diner
465,Payerne,46.8208047,6.939126,Boulangerie,46.82311597836457,6.94341199406832,Bakery
466,Payerne,46.8208047,6.939126,McDonald's,46.82045828155022,6.936213970184326,Fast Food Restaurant
467,Payerne,46.8208047,6.939126,La Scala,46.82134324677315,6.9382875431282205,Pizza Place
468,Payerne,46.8208047,6.939126,Pizzeria La Rotonde,46.818649,6.937325,Italian Restaurant
469,Payerne,46.8208047,6.939126,Guang Jing,46.82002919922744,6.933663914867971,Chinese Restaurant
470,Penthalaz,46.6113262,6.5252453,D√©jeuner,46.61024,6.5198503,Food Court
471,Perroy,46.4681469,6.3642905,La Passade,46.468256159095276,6.366255961782956,Seafood Restaurant
472,Perroy,46.4681469,6.3642905,Au Prieur√©,46.46773,6.365735,Bakery
473,Poliez-Pittet,46.6277599,6.6826495,La Croix-Blanche Caf√© restaurant,46.62827076581513,6.68267548084259,Swiss Restaurant
474,Poliez-Pittet,46.6277599,6.6826495,Caf√©-Restaurant L'Union,46.627471,6.684141,Modern European Restaurant
475,Prangins,46.3947976,6.2487871,Auberge De Prangins,46.394353,6.249323,Restaurant
476,Prangins,46.3947976,6.2487871,Auberge Communale de Prangins,46.3944718498912,6.24922603497032,Diner
477,Prangins,46.3947976,6.2487871,Caf√© des Alpes,46.39646479390628,6.248290732528317,French Restaurant
478,Prangins,46.3947976,6.2487871,Caf√© Du Ch√¢teau,46.393762,6.251941,Diner
479,Pr√©verenges,46.516083,6.526853,L'Etoile Pizzeria,46.51758348266759,6.525688696282666,Italian Restaurant
480,Pr√©verenges,46.516083,6.526853,Wonderful Restaurant Chinoise,46.518157,6.526334,Chinese Restaurant
481,Pr√©verenges,46.516083,6.526853,McDonald's,46.51824175093614,6.521848019493486,Fast Food Restaurant
482,Pr√©vonloup,46.699867,6.8820157,restaurant l'√©toile Pr√©vonloup,46.69926948722907,6.882796495875696,Diner
483,Prilly,46.534566,6.6055827,Coop Restaurant,46.53455,6.606198,Restaurant
484,Prilly,46.534566,6.6055827,Erny Tea-room,46.53375202262239,6.606300104100252,Caf√©
485,Prilly,46.534566,6.6055827,A La Rouquinerie,46.534882,6.604193,Swiss Restaurant
486,Prilly,46.534566,6.6055827,Caf√©-restaurant La Treille,46.5339896,6.6068015,Restaurant
487,Puidoux,46.5008111,6.7823914,Auberge Communale de Puidoux,46.501893,6.782612,Restaurant
488,Pully,46.5098019,6.6617476,La Stella,46.510263,6.660931,Pizza Place
489,Pully,46.5098019,6.6617476,Restaurant du Port de Pully,46.50581367817778,6.662646588672892,Swiss Restaurant
490,Pully,46.5098019,6.6617476,Kurry Masala,46.51059071904452,6.663216474019285,Indian Restaurant
491,Pully,46.5098019,6.6617476,Timeout Palazzo,46.511270744404456,6.660784257186619,Italian Restaurant
492,Pully,46.5098019,6.6617476,Sucr√© Sal√©,46.50953376601276,6.662537099300479,Sandwich Place
493,Pully,46.5098019,6.6617476,Le Bistrot de Fernand,46.51126088772266,6.662027748695284,Diner
494,Renens,46.5349093,6.5928442,Kashmir,46.53591081404808,6.592089365440496,Indian Restaurant
495,Renens,46.5349093,6.5928442,Le Florissant,46.532749551080414,6.5984291584141515,Italian Restaurant
496,Renens,46.5349093,6.5928442,La Rose Rouge Renens,46.535987074574145,6.587687383483449,Pizza Place
497,Renens,46.5349093,6.5928442,L'Oranger,46.532517182905224,6.5881805602445045,Italian Restaurant
498,Renens,46.5349093,6.5928442,Brazil Beef,46.53199356541381,6.58839381038082,Brazilian Restaurant
499,Rennaz,46.3757048,6.9190655,McDonald's,46.375222,6.918937,Fast Food Restaurant
500,Reverolle,46.5416336,6.4384876,Caf√© du Promeneur,46.54165937612135,6.438811719417571,Bistro
501,Rivaz,46.4762772,6.7786403,Auberge de Rivaz,46.47420775849245,6.783335269992144,Swiss Restaurant
502,Rivaz,46.4762772,6.7786403,Cafe De La Poste,46.480459,6.780834,Pizza Place
503,Roche,46.3610602,6.9309298,Caf√© de la Place,46.36198222,6.93122494,Restaurant
504,Rolle,46.4601563,6.3380469,l'arantele,46.45937500003486,6.3401650007867385,Caf√©
505,Rolle,46.4601563,6.3380469,Blackbird House,46.456519,6.336986,Gastropub
506,Rolle,46.4601563,6.3380469,le Cap Breton Cr√™perie,46.456344947218895,6.3366288,Seafood Restaurant
507,Rolle,46.4601563,6.3380469,Ristorante Vesuvio,46.45915321806658,6.339835464636156,Italian Restaurant
508,Rolle,46.4601563,6.3380469,Terrasse du Lac - Il Pulcinella,46.45619013598648,6.338210105895996,Pizza Place
509,Romanel-sur-Lausanne,46.559413899999996,6.608593028650837,La Choppe D'Or,46.5592125,6.6127287,Diner
510,Romanel-sur-Lausanne,46.559413899999996,6.608593028650837,Restaurant La Coccinelle,46.55808448791504,6.602600812911987,Restaurant
511,Ropraz,46.6153223,6.7515592,Caf√© de la Poste,46.615491,6.751558,Swiss Restaurant
512,Rossini√®re,46.4675176,7.083061,Les Jardins de la Tour,46.46878559586797,7.081406181517077,French Restaurant
513,Rougemont,46.4900222,7.2106603,Caf√© du Cerf,46.4896549647536,7.21071350762334,Caf√©
514,Rougemont,46.4900222,7.2106603,Early Beck (Rougemont),46.489778,7.21084,Caf√©
515,Rougemont,46.4900222,7.2106603,Comptoir D'enhaut,46.4899250754592,7.211217019843385,Italian Restaurant
516,Saint-Cergue,46.4460968,6.158111,Rando Burger,46.447073001376175,6.158748907282311,Burger Joint
517,Saint-Cergue,46.4460968,6.158111,Chez Claudine,46.44705385652016,6.158888339996338,Caf√©
518,Saint-Cergue,46.4460968,6.158111,Les Cytises - Restaurant Pizzeria,46.44772039999999,6.1589917,Swiss Restaurant
519,Saint-Cergue,46.4460968,6.158111,Restaurant du Jura,46.446244,6.158059,Swiss Restaurant
520,Saint-L√©gier-La Chi√©saz,46.4722777,6.8759701,Boulangerie Golay SA,46.47175132889279,6.876362085206401,Bakery
521,Saint-L√©gier-La Chi√©saz,46.4722777,6.8759701,Caf√© de la Place,46.472306698103154,6.87481443066068,Restaurant
522,Saint-Livres,46.5088701,6.3865672,la toscana,46.50736,6.387081,Restaurant
523,Saint-Livres,46.5088701,6.3865672,La Toscane,46.5074,6.387108,Restaurant
524,Saint-Livres,46.5088701,6.3865672,L'Union,46.507674,6.387521,Caf√©
525,Saint-Prex,46.4809059,6.4586004,Le Vieux Bourg,46.47942388507007,6.460035749999999,Gastropub
526,Saint-Prex,46.4809059,6.4586004,Christian Boillat,46.48225491422104,6.456823658710297,Bakery
527,Saint-Prex,46.4809059,6.4586004,La Croix F√©d√©rale,46.480004931242526,6.4597364128556,Restaurant
528,Saint-Prex,46.4809059,6.4586004,Restaurant du Mont-Blanc et Pizzeria Dolcevita,46.4822848759628,6.456788983810985,Pizza Place
529,Saint-Prex,46.4809059,6.4586004,Buvette du port de Taillecou,46.48468912782931,6.461574,Snack Place
530,Saint-Saphorin,46.4731819,6.7959554,Auberge de l'Onde,46.473347390714665,6.796001347351527,Restaurant
531,Saint-Saphorin,46.4731819,6.7959554,Caf√© du Raisin,46.472826,6.796781,Swiss Restaurant
532,Saint-Sulpice,46.5100832,6.5580607,Restaurant le D√©barcad√©re,46.509155968794516,6.560649628129133,Swiss Restaurant
533,Saint-Sulpice,46.5100832,6.5580607,Auberge Le St-Sulpice,46.50979541472818,6.5559961942939395,French Restaurant
534,Saint-Sulpice,46.5100832,6.5580607,Richiger,46.510059,6.557284,Bakery
535,Saint-Sulpice,46.5100832,6.5580607,Le Skipper,46.51020697815941,6.559059279998948,Restaurant
536,Savigny,46.5384249,6.7316194,Boulangerie Gounet,46.53883,6.731961,Bakery
537,Savigny,46.5384249,6.7316194,Bidal Caf√©-Cr√™perie,46.53890530899943,6.731501946057859,Swiss Restaurant
538,Savigny,46.5384249,6.7316194,Caf√© chez Marco,46.538319,6.73135,Diner
539,Senarclens,46.6004691,6.4868169,Pizzeria Simplon,46.599935,6.488998,Italian Restaurant
540,Servion,46.5767948,6.7845039,Boulangerie Maillard,46.576570371736516,6.783697391786707,Bakery
541,Servion,46.5767948,6.7845039,Restaurant du Chasseur,46.576631,6.783934,Turkish Restaurant
542,Signy-Avenex,46.3903104,6.1997654,PInte Communale de Signy,46.3906911,6.2021850999999515,Swiss Restaurant
543,Signy-Avenex,46.3903104,6.1997654,Coop Restaurant Signy,46.3897212,6.1972045,Restaurant
544,Sullens,46.5931372,6.5661454,Boulangerie - √âpicerie Chez Fred,46.59352,6.56613,Bakery
545,Tannay,46.3089604,6.1757001,Auberge au Lion d'Or,46.30895635735988,6.175996891313224,French Restaurant
546,Tannay,46.3089604,6.1757001,Restaurant La Couronne,46.30583282691043,6.172379082826407,Swiss Restaurant
547,Tannay,46.3089604,6.1757001,Restaurant La Versoix,46.312286,6.178705,Swiss Restaurant
548,Tr√©lex,46.414967,6.2048987,Boulangerie Bossey,46.41557744650049,6.204792536704557,Bakery
549,Trey,46.769255,6.9251725,Auberge du Soleil,46.76786344251354,6.92503714388858,Diner
550,Vallorbe,46.7120498,6.3790105,Auberge Communale de Vallorbe,46.711612,6.379612,Swiss Restaurant
551,Vallorbe,46.7120498,6.3790105,Le Rio,46.71201171577924,6.377416366884107,Caf√©
552,Vallorbe,46.7120498,6.3790105,Au P'tit Resto,46.71200514752695,6.37765106074166,Pizza Place
553,Vallorbe,46.7120498,6.3790105,Chez Saba,46.712,6.375412,Bakery
554,Vaulion,46.6883547,6.3894066,hotel des trois coeurs,46.688338,6.389346,Bistro
555,Vaulion,46.6883547,6.3894066,3 Coeurs,46.68829975076881,6.389695677281874,Diner
556,Veytaux,46.4215725,6.9275648,White cafe,46.422134,6.925418,Caf√©
557,Veytaux,46.4215725,6.9275648,Pizzeria Chawarma Les Anges,46.422069,6.925125,Falafel Restaurant
558,Veytaux,46.4215725,6.9275648,Davinda Lounge,46.421955,6.925343,Restaurant
559,Veytaux,46.4215725,6.9275648,Le Pavois,46.42314944670452,6.925306033517814,Restaurant
560,Veytaux,46.4215725,6.9275648,Jazz Pizza,46.42428801209319,6.925368734921273,Pizza Place
561,Veytaux,46.4215725,6.9275648,chez chorn cuisine thai,46.424803,6.924169,Thai Restaurant
562,Vich,46.4299571,6.2489686,Croix Verte,46.42897501179351,6.249941827320681,Swiss Restaurant
563,Villars-le-Terroir,46.6569364,6.6387429,Le Central,46.65723961750442,6.639124111885361,Steakhouse
564,Villars-Sainte-Croix,46.5675877,6.5616074,Le Contemporain,46.566576,6.55894,Italian Restaurant
565,Villars-Sainte-Croix,46.5675877,6.5616074,Relais fleuri,46.56594337083762,6.558949178748407,French Restaurant
566,Vinzel,46.4476073,6.2793859,Au Coeur de la C√¥te,46.4475247,6.2797391,Swiss Restaurant
567,Vucherens,46.624684,6.7769649,Les Trois Suisses,46.624879690212396,6.782701149312034,Restaurant
568,Vuiteboeuf,46.807388,6.5493754,Chalet-buvette des Auges,46.80464640365483,6.547226584769836,Diner
569,Yens,46.518837,6.4180806,Auberge de la Croix d'Or,46.51838161587568,6.41631613382882,French Restaurant
570,Yverdon-les-Bains,46.7785711,6.6409158,l'Intemporel Caf√©,46.779141516929464,6.640255121590562,Caf√©
571,Yverdon-les-Bains,46.7785711,6.6409158,Don Camillo,46.779465640317255,6.638670954207769,Italian Restaurant
572,Yverdon-les-Bains,46.7785711,6.6409158,L'Ange Bleu,46.77951314066269,6.637889672018355,Restaurant
573,Yverdon-les-Bains,46.7785711,6.6409158,Le Double R,46.780248272591244,6.637579444821901,Burger Joint
574,Yverdon-les-Bains,46.7785711,6.6409158,Appunto,46.780237110524546,6.639103155861001,Diner
575,Yverdon-les-Bains,46.7785711,6.6409158,Restaurant La Grenette,46.77844347340675,6.640331224536908,French Restaurant
576,Yverdon-les-Bains,46.7785711,6.6409158,La Brass'r Y,46.77783842206368,6.642319318596059,French Restaurant
577,Yverdon-les-Bains,46.7785711,6.6409158,Ciao Ciao,46.780244513524345,6.644631013555572,Pizza Place
578,Yverdon-les-Bains,46.7785711,6.6409158,Restaurant Du Ch√¢teau,46.7785748770117,6.641587483770713,Restaurant
579,Yverdon-les-Bains,46.7785711,6.6409158,La Grange,46.77976476981207,6.641836016869103,Italian Restaurant
580,Yverdon-les-Bains,46.7785711,6.6409158,Restaurant de la Place,46.778564453125,6.641395092010498,Restaurant
581,Yverdon-les-Bains,46.7785711,6.6409158,Boulangerie Du Chateau,46.777714124104826,6.642037836191373,Bakery
582,Yverdon-les-Bains,46.7785711,6.6409158,Dopio,46.77925835540892,6.641893554656847,Pizza Place
583,Yverdon-les-Bains,46.7785711,6.6409158,La Delizia,46.778649977132034,6.641294360160828,Restaurant
584,Yverdon-les-Bains,46.7785711,6.6409158,Caf√©-Restaurant L'Arc-en-Ciel,46.77974393624798,6.640526150408413,Swiss Restaurant
585,Yverdon-les-Bains,46.7785711,6.6409158,Cuba Bar,46.77999986526421,6.638889021056927,Tapas Restaurant
586,Yverdon-les-Bains,46.7785711,6.6409158,Ol√© Tapas,46.7801442555155,6.639069101284558,Tapas Restaurant
587,Yverdon-les-Bains,46.7785711,6.6409158,Le Tr√®fle Gourmand,46.778649036397034,6.641108688161512,Caf√©
588,Yverdon-les-Bains,46.7785711,6.6409158,L'olivier De L'orient,46.779329,6.637371,Fast Food Restaurant
589,Yverdon-les-Bains,46.7785711,6.6409158,Polli,46.781371,6.640829,Bakery
590,Yverdon-les-Bains,46.7785711,6.6409158,Segafredo,46.781388604951744,6.640446701181537,Caf√©
591,Yverdon-les-Bains,46.7785711,6.6409158,ASIA EXPRESS Yverdon,46.781368247552486,6.640056791323363,Asian Restaurant
592,Yverdon-les-Bains,46.7785711,6.6409158,McDonald's,46.78046988422729,6.636782591176721,Fast Food Restaurant
593,Yverdon-les-Bains,46.7785711,6.6409158,Coop Restaurant,46.780142550532744,6.636328736706972,Cafeteria
594,Yverdon-les-Bains,46.7785711,6.6409158,Thi-Truong,46.77625837543456,6.63671314716339,Vietnamese Restaurant
595,Yverdon-les-Bains,46.7785711,6.6409158,Restaurant St-Roch,46.78156575723199,6.6451679826184415,Sushi Restaurant
596,Yverdon-les-Bains,46.7785711,6.6409158,Restaurant Migros,46.781080340874894,6.635746938016494,Cafeteria
597,Yvonand,46.7983158,6.7445021,Restaurant de l'Hotel de Ville,46.799780308036595,6.7455803982422475,Restaurant
598,Yvonand,46.7983158,6.7445021,H√¥tel de la Gare,46.79935438115391,6.74534797668457,Restaurant
599,Yvorne,46.3317116,6.9586852,Caf√© du Torrent,46.331701266951725,6.958835619099796,Swiss Restaurant
600,Yvorne,46.3317116,6.9586852,Restaurant Le Torrent S√†rl,46.33173,6.958913,Swiss Restaurant
601,Yvorne,46.3317116,6.9586852,Auberge de la couronne,46.329755,6.961199,Swiss Restaurant
